epoch,x_mean_val,x_abs,x_rel,total
0,0.010606233030557632,0.019696705043315887,inf,0.019696705043315887
1,0.036201994866132736,0.025595759972929955,4.622282028198242,0.025595759972929955
2,0.061362314969301224,0.02516031824052334,0.9616409540176392,0.02516031824052334
3,0.08619224280118942,0.024829940870404243,0.43126967549324036,0.024829940870404243
4,0.11075138300657272,0.0245591402053833,0.2900204062461853,0.0245591402053833
5,0.13553033769130707,0.02477894350886345,0.22624948620796204,0.02477894350886345
6,0.1607358604669571,0.025205526500940323,0.18689502775669098,0.025205526500940323
7,0.1856648325920105,0.02492896467447281,0.15513667464256287,0.02492896467447281
8,0.21131247282028198,0.025647632777690887,0.1383562833070755,0.025647632777690887
9,0.23702096939086914,0.02570848912000656,0.12178453803062439,0.02570848912000656
10,0.262958288192749,0.02593737654387951,0.10955093055963516,0.02593737654387951
11,0.2895124852657318,0.026554126292467117,0.10110948234796524,0.026554126292467117
12,0.3164284825325012,0.026916028931736946,0.09315237402915955,0.026916028931736946
13,0.3440994918346405,0.027671074494719505,0.08770088106393814,0.027671074494719505
14,0.3721363842487335,0.028036821633577347,0.08165278285741806,0.028036821633577347
15,0.40098658204078674,0.028850188478827477,0.07770895957946777,0.028850188478827477
16,0.43032902479171753,0.029342500492930412,0.07330891489982605,0.029342500492930412
17,0.45942017436027527,0.029091104865074158,0.0677238255739212,0.029091104865074158
18,0.4889651834964752,0.029545016586780548,0.06442303210496902,0.029545016586780548
19,0.5186370611190796,0.02967187948524952,0.06079502031207085,0.02967187948524952
20,0.5487509369850159,0.030113890767097473,0.058173492550849915,0.030113890767097473
21,0.5792840719223022,0.03053312376141548,0.05572759732604027,0.03053312376141548
22,0.610289454460144,0.03100535459816456,0.05359082296490669,0.03100535459816456
23,0.6412379741668701,0.03094850480556488,0.050763487815856934,0.03094850480556488
24,0.6716362833976746,0.030398301780223846,0.047432221472263336,0.030398301780223846
25,0.7014414072036743,0.029805146157741547,0.044375624507665634,0.029805146157741547
26,0.7311952114105225,0.02975383587181568,0.04240795224905014,0.02975383587181568
27,0.7596628069877625,0.02846764773130417,0.03887859731912613,0.02846764773130417
28,0.786630392074585,0.02696755714714527,0.03540616109967232,0.02696755714714527
29,0.8116002678871155,0.02496989071369171,0.031596701592206955,0.02496989071369171
30,0.8349101543426514,0.02330978401005268,0.028523819521069527,0.02330978401005268
31,0.856065571308136,0.02115546725690365,0.02507389336824417,0.02115546725690365
32,0.8747620582580566,0.018696539103984833,0.021497076377272606,0.018696539103984833
33,0.8913339972496033,0.016571970656514168,0.018520526587963104,0.016571970656514168
34,0.9054588079452515,0.014124707318842411,0.015288488939404488,0.014124707318842411
35,0.9166080951690674,0.011669348925352097,0.01221254002302885,0.011669348925352097
36,0.9247292876243591,0.01119154691696167,0.011604897677898407,0.01119154691696167
37,0.9300895929336548,0.011737270280718803,0.012238018214702606,0.011737270280718803
38,0.9328270554542542,0.012580565176904202,0.013284907676279545,0.012580565176904202
39,0.9329255819320679,0.014670006930828094,0.015749184414744377,0.014670006930828094
40,0.9304206967353821,0.016212107613682747,0.017810311168432236,0.016212107613682747
41,0.9274425506591797,0.016784286126494408,0.018736060708761215,0.016784286126494408
42,0.9252009391784668,0.017071889713406563,0.019257182255387306,0.017071889713406563
43,0.9245021343231201,0.01771998591721058,0.020002389326691628,0.01771998591721058
44,0.9245989918708801,0.018843069672584534,0.021406037732958794,0.018843069672584534
45,0.9301044940948486,0.019433187320828438,0.021154120564460754,0.019433187320828438
46,0.9383092522621155,0.02097499929368496,0.022294530645012856,0.02097499929368496
47,0.9512293338775635,0.022734958678483963,0.02305992692708969,0.022734958678483963
48,0.9727587699890137,0.02605683170258999,0.0245407372713089,0.0245407372713089
49,0.999144434928894,0.029287109151482582,0.026290763169527054,0.026290763169527054
50,1.0351070165634155,0.03607708588242531,0.03182801604270935,0.03182801604270935
51,1.0710848569869995,0.03652245178818703,0.03062347322702408,0.03062347322702408
52,1.1149897575378418,0.04390474408864975,0.03721822798252106,0.03721822798252106
53,1.1636030673980713,0.048613376915454865,0.04054280370473862,0.04054280370473862
54,1.211869478225708,0.04826658219099045,0.03806685283780098,0.03806685283780098
55,1.256334662437439,0.04446665942668915,0.03203562647104263,0.03203562647104263
56,1.2941926717758179,0.039970554411411285,0.0269971564412117,0.0269971564412117
57,1.3194928169250488,0.03610466793179512,0.026319611817598343,0.026319611817598343
58,1.348415493965149,0.03695584461092949,0.025546513497829437,0.025546513497829437
59,1.3887425661087036,0.041367098689079285,0.025372521951794624,0.025372521951794624
60,1.4453164339065552,0.05657406896352768,0.04033471271395683,0.04033471271395683
61,1.4968857765197754,0.0515693724155426,0.03434742987155914,0.03434742987155914
62,1.558707594871521,0.061821699142456055,0.044039808213710785,0.044039808213710785
63,1.6407235860824585,0.08201605081558228,0.06258083134889603,0.06258083134889603
64,1.7110998630523682,0.07037632167339325,0.04917420446872711,0.04917420446872711
65,1.7676242589950562,0.05652444437146187,0.03626330569386482,0.03626330569386482
66,1.7795073986053467,0.02397959493100643,0.014194626361131668,0.014194626361131668
67,1.7519464492797852,0.03976604342460632,0.035599008202552795,0.035599008202552795
68,1.7094354629516602,0.04985668137669563,0.048343297094106674,0.048343297094106674
69,1.7050025463104248,0.021408304572105408,0.01901821792125702,0.01901821792125702
70,1.7343653440475464,0.029362672939896584,0.02186499536037445,0.02186499536037445
71,1.7707105875015259,0.03634519502520561,0.02953178621828556,0.02953178621828556
72,1.8201295137405396,0.04941921308636665,0.04146086052060127,0.04146086052060127
73,1.8651525974273682,0.045022934675216675,0.03563667833805084,0.03563667833805084
74,1.8801976442337036,0.015044772997498512,0.010798872448503971,0.010798872448503971
75,1.8525506258010864,0.027966098859906197,0.02198801189661026,0.02198801189661026
76,1.795385479927063,0.05716536194086075,0.045137375593185425,0.045137375593185425
77,1.733788251876831,0.06159697100520134,0.04991336911916733,0.04991336911916733
78,1.7013455629348755,0.033235061913728714,0.025257043540477753,0.025257043540477753
79,1.6897021532058716,0.021149935200810432,0.012930524535477161,0.012930524535477161
80,1.7212573289871216,0.03420105576515198,0.03621406853199005,0.03420105576515198
81,1.7830413579940796,0.06178420037031174,0.05888138711452484,0.05888138711452484
82,1.8332501649856567,0.05020860210061073,0.04324951767921448,0.04324951767921448
83,1.8514922857284546,0.01824214495718479,0.015270301140844822,0.015270301140844822
84,1.835415005683899,0.018931426107883453,0.012353462167084217,0.012353462167084217
85,1.8101462125778198,0.028280112892389297,0.02010921761393547,0.02010921761393547
86,1.7520614862442017,0.058385323733091354,0.04496833309531212,0.04496833309531212
87,1.6784144639968872,0.07364699989557266,0.0611206591129303,0.0611206591129303
88,1.6360021829605103,0.043426305055618286,0.040246933698654175,0.040246933698654175
89,1.6323491334915161,0.01741028018295765,0.012902000918984413,0.012902000918984413
90,1.6788113117218018,0.0464622788131237,0.038382600992918015,0.038382600992918015
91,1.7305293083190918,0.0517178438603878,0.041942302137613297,0.041942302137613297
92,1.7854591608047485,0.05493003502488136,0.042357660830020905,0.042357660830020905
93,1.8498362302780151,0.0643770694732666,0.04728056117892265,0.04728056117892265
94,1.899996280670166,0.05016018822789192,0.03403405100107193,0.03403405100107193
95,1.9167578220367432,0.01985945552587509,0.010112765245139599,0.010112765245139599
96,1.9026352167129517,0.023968543857336044,0.018075237050652504,0.018075237050652504
97,1.858469843864441,0.045598581433296204,0.03853493556380272,0.03853493556380272
98,1.8102134466171265,0.04892449080944061,0.04335063323378563,0.04335063323378563
99,1.7913213968276978,0.025527913123369217,0.023761369287967682,0.023761369287967682
100,1.7926983833312988,0.012556991539895535,0.008288438431918621,0.008288438431918621
101,1.8523576259613037,0.05965929850935936,0.04753835126757622,0.04753835126757622
102,1.928027629852295,0.07566999644041061,0.058575715869665146,0.058575715869665146
103,2.0087480545043945,0.08072032779455185,0.058428358286619186,0.058428358286619186
104,2.0420570373535156,0.03330898657441139,0.021202128380537033,0.021202128380537033
105,2.045891046524048,0.010440482757985592,0.004918596241623163,0.004918596241623163
106,2.015103816986084,0.031203269958496094,0.02198570966720581,0.02198570966720581
107,1.9791150093078613,0.0359947606921196,0.025468360632658005,0.025468360632658005
108,1.927030324935913,0.05208468437194824,0.037080127745866776,0.037080127745866776
109,1.8946609497070312,0.03236940875649452,0.02304520085453987,0.02304520085453987
110,1.8819433450698853,0.012829918414354324,0.00791398249566555,0.00791398249566555
111,1.8949965238571167,0.01368822529911995,0.012666668742895126,0.012666668742895126
112,1.9058282375335693,0.011532827280461788,0.010435914620757103,0.010435914620757103
113,1.9105836153030396,0.007398772053420544,0.006290566176176071,0.006290566176176071
114,1.9234634637832642,0.012879842892289162,0.010501368902623653,0.010501368902623653
115,1.9543341398239136,0.030870642513036728,0.022539664059877396,0.022539664059877396
116,1.9764914512634277,0.022157274186611176,0.014953140169382095,0.014953140169382095
117,1.9916914701461792,0.015200238674879074,0.008812147192656994,0.008812147192656994
118,2.0068652629852295,0.015173610299825668,0.007652203552424908,0.007652203552424908
119,2.0109071731567383,0.008751042187213898,0.0038390166591852903,0.0038390166591852903
120,2.017270565032959,0.011617997661232948,0.0050752246752381325,0.0050752246752381325
121,2.017481803894043,0.014822960831224918,0.00843450054526329,0.00843450054526329
122,2.017183303833008,0.014583276584744453,0.008483082987368107,0.008483082987368107
123,2.0191144943237305,0.010149769484996796,0.005348822567611933,0.005348822567611933
124,2.020655393600464,0.009075668640434742,0.004000408574938774,0.004000408574938774
125,2.0265393257141113,0.013847961090505123,0.006954176817089319,0.006954176817089319
126,2.047466516494751,0.021218929439783096,0.014383886009454727,0.014383886009454727
127,2.0713882446289062,0.02392193116247654,0.01647832803428173,0.01647832803428173
128,2.0816614627838135,0.019043093547225,0.010517979972064495,0.010517979972064495
129,2.0740578174591064,0.01637539640069008,0.007598560303449631,0.007598560303449631
130,2.0477242469787598,0.026333773508667946,0.013309421949088573,0.013309421949088573
131,2.0255725383758545,0.02215176820755005,0.010589461773633957,0.010589461773633957
132,2.0108184814453125,0.014822705648839474,0.006042116787284613,0.006042116787284613
133,2.022873878479004,0.01928136870265007,0.01241243164986372,0.01241243164986372
134,2.0332818031311035,0.012630540877580643,0.008374596014618874,0.008374596014618874
135,2.05557918548584,0.02229752019047737,0.013861149549484253,0.013861149549484253
136,2.0599329471588135,0.004353487864136696,0.002155228052288294,0.002155228052288294
137,2.0604567527770996,0.008531425148248672,0.004270496778190136,0.004270496778190136
138,2.050555467605591,0.014679684303700924,0.009584066458046436,0.009584066458046436
139,2.0405490398406982,0.011314407922327518,0.008450205437839031,0.008450205437839031
140,2.0473952293395996,0.0128109659999609,0.005488969851285219,0.005488969851285219
141,2.0605602264404297,0.013354850932955742,0.006291183177381754,0.006291183177381754
142,2.0814363956451416,0.020876461640000343,0.011370846070349216,0.011370846070349216
143,2.1064703464508057,0.025033747777342796,0.014602596871554852,0.014602596871554852
144,2.1223058700561523,0.015835704281926155,0.009286289103329182,0.009286289103329182
145,2.1218881607055664,0.013414066284894943,0.00536049110814929,0.00536049110814929
146,2.1109087467193604,0.015356323681771755,0.006888650823384523,0.006888650823384523
147,2.0986251831054688,0.012283481657505035,0.007059167139232159,0.007059167139232159
148,2.0837559700012207,0.014869222417473793,0.008344726637005806,0.008344726637005806
149,2.072500705718994,0.01939740777015686,0.010008648969233036,0.010008648969233036
150,2.0697638988494873,0.016068633645772934,0.007383937947452068,0.007383937947452068
151,2.068715810775757,0.01814231462776661,0.00824655219912529,0.00824655219912529
152,2.075624942779541,0.011902869679033756,0.0054202149622142315,0.0054202149622142315
153,2.091444969177246,0.015819961205124855,0.009474227204918861,0.009474227204918861
154,2.1142776012420654,0.023159818723797798,0.01461819652467966,0.01461819652467966
155,2.1418864727020264,0.027608981356024742,0.016557175666093826,0.016557175666093826
156,2.1619443893432617,0.0200575590133667,0.010523811914026737,0.010523811914026737
157,2.1733901500701904,0.011445925571024418,0.004565649200230837,0.004565649200230837
158,2.1817543506622314,0.011009106412529945,0.004490219056606293,0.004490219056606293
159,2.1762337684631348,0.014467597007751465,0.009202642366290092,0.009202642366290092
160,2.167391300201416,0.019272537901997566,0.011330978013575077,0.011330978013575077
161,2.1583335399627686,0.01043512299656868,0.007749107666313648,0.007749107666313648
162,2.141366958618164,0.01696656458079815,0.010937468148767948,0.010937468148767948
163,2.1388397216796875,0.004127644468098879,0.0017768808174878359,0.0017768808174878359
164,2.1590993404388428,0.02025977522134781,0.01443698164075613,0.01443698164075613
165,2.182037115097046,0.023521216586232185,0.016598545014858246,0.016598545014858246
166,2.2036588191986084,0.022438988089561462,0.015271595679223537,0.015271595679223537
167,2.2204477787017822,0.018380066379904747,0.01124714594334364,0.01124714594334364
168,2.227051019668579,0.006886038929224014,0.003547027474269271,0.003547027474269271
169,2.205993413925171,0.021057438105344772,0.013245598413050175,0.013245598413050175
170,2.179133653640747,0.026859769597649574,0.017694292590022087,0.017694292590022087
171,2.1665890216827393,0.012904610484838486,0.009492715820670128,0.009492715820670128
172,2.1663355827331543,0.005143322516232729,0.0031416332349181175,0.0031416332349181175
173,2.1873209476470947,0.02098531275987625,0.012122023850679398,0.012122023850679398
174,2.2179458141326904,0.03062516637146473,0.01810791715979576,0.01810791715979576
175,2.243272542953491,0.025326495990157127,0.014778459444642067,0.014778459444642067
176,2.2513315677642822,0.008058962412178516,0.004573961719870567,0.004573961719870567
177,2.2515785694122314,0.0020643575116991997,0.0012051538797095418,0.0012051538797095418
178,2.2468795776367188,0.0056355237029492855,0.0034806430339813232,0.0034806430339813232
179,2.232264757156372,0.014647415839135647,0.008844087831676006,0.008844087831676006
180,2.217071533203125,0.01519323606044054,0.008862252347171307,0.008862252347171307
181,2.211890935897827,0.005185638554394245,0.0023444779217243195,0.0023444779217243195
182,2.2168474197387695,0.007045940030366182,0.004211312625557184,0.004211312625557184
183,2.2303152084350586,0.01346763875335455,0.008613286539912224,0.008613286539912224
184,2.2457563877105713,0.01544127706438303,0.009472781792283058,0.009472781792283058
185,2.2483742237091064,0.003134105121716857,0.001304236939176917,0.001304236939176917
186,2.237988233566284,0.010386190377175808,0.006996514741331339,0.006996514741331339
187,2.2217962741851807,0.016191907227039337,0.010230443440377712,0.010230443440377712
188,2.220433235168457,0.002882012166082859,0.0018955640261992812,0.0018955640261992812
189,2.228015899658203,0.007582890801131725,0.004527685232460499,0.004527685232460499
190,2.2404541969299316,0.012438238598406315,0.007657570764422417,0.007657570764422417
191,2.2535667419433594,0.013112623244524002,0.00789019837975502,0.00789019837975502
192,2.257209062576294,0.003642346942797303,0.002173476619645953,0.002173476619645953
193,2.254040479660034,0.00541874160990119,0.0031834105029702187,0.0031834105029702187
194,2.2519588470458984,0.003112992737442255,0.0022294523660093546,0.0022294523660093546
195,2.247846841812134,0.006762664299458265,0.004230366088449955,0.004230366088449955
196,2.2499570846557617,0.0025506692472845316,0.0009749044547788799,0.0009749044547788799
197,2.258172035217285,0.008214996196329594,0.004872235469520092,0.004872235469520092
198,2.2702958583831787,0.013076749630272388,0.00824286974966526,0.00824286974966526
199,2.2843542098999023,0.014709030278027058,0.009176776744425297,0.009176776744425297
200,2.2898313999176025,0.00559960026293993,0.003429959760978818,0.003429959760978818
201,2.2876923084259033,0.005513423588126898,0.002950844122096896,0.002950844122096896
202,2.277217388153076,0.011669766157865524,0.0073208315297961235,0.0073208315297961235
203,2.261121988296509,0.016163945198059082,0.010454014874994755,0.010454014874994755
204,2.2552390098571777,0.0059830243699252605,0.00399362575262785,0.00399362575262785
205,2.2599782943725586,0.0058814226649701595,0.003671819344162941,0.003671819344162941
206,2.2711598873138428,0.011793894693255424,0.007670870050787926,0.007670870050787926
207,2.283947467803955,0.012787279672920704,0.007923317141830921,0.007923317141830921
208,2.2935791015625,0.009631874039769173,0.005347719416022301,0.005347719416022301
209,2.2975080013275146,0.003928912337869406,0.0017124197911471128,0.0017124197911471128
210,2.2941813468933105,0.005057611037045717,0.003553069895133376,0.003553069895133376
211,2.2873716354370117,0.006966561544686556,0.004896464291960001,0.004896464291960001
212,2.2802486419677734,0.008119511418044567,0.005178160034120083,0.005178160034120083
213,2.283689498901367,0.006058836355805397,0.002696118550375104,0.002696118550375104
214,2.295741319656372,0.0120517797768116,0.006932401563972235,0.006932401563972235
215,2.3107101917266846,0.014969016425311565,0.008448610082268715,0.008448610082268715
216,2.3206071853637695,0.009896885603666306,0.005228828173130751,0.005228828173130751
217,2.325014352798462,0.004415243864059448,0.001767737907357514,0.001767737907357514
218,2.3210480213165283,0.0056505147367715836,0.0034132362343370914,0.0034132362343370914
219,2.3123817443847656,0.00960020162165165,0.005652472842484713,0.005652472842484713
220,2.305763006210327,0.006624986417591572,0.004194893874228001,0.004194893874228001
221,2.3076963424682617,0.0019334304379299283,0.0009966437937691808,0.0009966437937691808
222,2.3143393993377686,0.006792381405830383,0.0042205448262393475,0.0042205448262393475
223,2.32319974899292,0.009158611297607422,0.006252821069210768,0.006252821069210768
224,2.326563835144043,0.00471410620957613,0.0031227157451212406,0.0031227157451212406
225,2.320882797241211,0.005680914036929607,0.0028972316067665815,0.0028972316067665815
226,2.3137686252593994,0.007114387582987547,0.004217210225760937,0.004217210225760937
227,2.3062095642089844,0.007558848243206739,0.004848277196288109,0.004848277196288109
228,2.3060567378997803,0.001917778281494975,0.0009566366788931191,0.0009566366788931191
229,2.3108222484588623,0.004798000678420067,0.002799415262416005,0.002799415262416005
230,2.3163883686065674,0.005565992556512356,0.0030742904637008905,0.0030742904637008905
231,2.320237636566162,0.003849354339763522,0.0017806108808144927,0.0017806108808144927
232,2.324069023132324,0.003831464098766446,0.0014953494537621737,0.0014953494537621737
233,2.322552442550659,0.0038930063601583242,0.0023126769810914993,0.0023126769810914993
234,2.323801279067993,0.002390940673649311,0.0008910382748581469,0.0008910382748581469
235,2.326996088027954,0.00319460267201066,0.001676321029663086,0.001676321029663086
236,2.3346939086914062,0.007697735447436571,0.004753366578370333,0.004753366578370333
237,2.3360228538513184,0.003623982658609748,0.0021398814860731363,0.0021398814860731363
238,2.3287205696105957,0.007302119862288237,0.0033666728995740414,0.0033666728995740414
239,2.32063364982605,0.008086975663900375,0.00402066670358181,0.00402066670358181
240,2.311753034591675,0.008880699053406715,0.0046852664090693,0.0046852664090693
241,2.3092801570892334,0.003094902029260993,0.001101224566809833,0.001101224566809833
242,2.312518835067749,0.0035364902578294277,0.002392774447798729,0.002392774447798729
243,2.3175063133239746,0.005015021190047264,0.0030215915758162737,0.0030215915758162737
244,2.3212783336639404,0.003771956544369459,0.0017552039353176951,0.0017552039353176951
245,2.3201138973236084,0.003971382509917021,0.002397750038653612,0.002397750038653612
246,2.3210387229919434,0.0025283086579293013,0.0011477548396214843,0.0011477548396214843
247,2.3213813304901123,0.0016951977740973234,0.0008310641860589385,0.0008310641860589385
248,2.3235111236572266,0.002585988724604249,0.0009747717995196581,0.0009747717995196581
249,2.3299713134765625,0.006460394244641066,0.003430344397202134,0.003430344397202134
250,2.3363659381866455,0.006513800472021103,0.0033821475226432085,0.0033821475226432085
251,2.337249755859375,0.0029566525481641293,0.0010765850311145186,0.0010765850311145186
252,2.335559129714966,0.0022444522473961115,0.0012110969983041286,0.0012110969983041286
253,2.3306543827056885,0.004904930479824543,0.002952352399006486,0.002952352399006486
254,2.3289906978607178,0.001756178098730743,0.0009491515229456127,0.0009491515229456127
255,2.3296191692352295,0.0021226168610155582,0.0011016437783837318,0.0011016437783837318
256,2.3325798511505127,0.004140394739806652,0.002720835153013468,0.002720835153013468
257,2.3336000442504883,0.0017838323256000876,0.0011096238158643246,0.0011096238158643246
258,2.3314380645751953,0.0027118695434182882,0.001655789790675044,0.001655789790675044
259,2.3282604217529297,0.0045252288691699505,0.0027304620016366243,0.0027304620016366243
260,2.326216459274292,0.005407559685409069,0.002548071090131998,0.002548071090131998
261,2.3253791332244873,0.0026753442361950874,0.0011576320976018906,0.0011576320976018906
262,2.328339099884033,0.002959843957796693,0.001765686902217567,0.001765686902217567
263,2.3353099822998047,0.007333738263696432,0.004535527899861336,0.004535527899861336
264,2.339484214782715,0.006689270958304405,0.003463107394054532,0.003463107394054532
265,2.336268663406372,0.005834260955452919,0.002426306949928403,0.002426306949928403
266,2.331089735031128,0.00607175100594759,0.002923417603597045,0.002923417603597045
267,2.321885347366333,0.009204110130667686,0.005066568963229656,0.005066568963229656
268,2.3147470951080322,0.007138269022107124,0.003841624828055501,0.003841624828055501
269,2.3157758712768555,0.0032646579202264547,0.0018533532274886966,0.0018533532274886966
270,2.3213775157928467,0.007010685279965401,0.0039673782885074615,0.0039673782885074615
271,2.326878547668457,0.007067080587148666,0.0035785422660410404,0.0035785422660410404
272,2.3282339572906494,0.005995110142976046,0.002323450520634651,0.002323450520634651
273,2.326981544494629,0.0028273225761950016,0.0016344997566193342,0.0016344997566193342
274,2.3249993324279785,0.0030769300647079945,0.0018316704081371427,0.0018316704081371427
275,2.3234920501708984,0.0023763745557516813,0.0015994965797290206,0.0015994965797290206
276,2.326892137527466,0.0033998119179159403,0.0015344514977186918,0.0015344514977186918
277,2.3315513134002686,0.004659093450754881,0.002569756470620632,0.002569756470620632
278,2.336542844772339,0.005016644485294819,0.003127157688140869,0.003127157688140869
279,2.3374695777893066,0.0021595966536551714,0.0009729289449751377,0.0009729289449751377
280,2.333719253540039,0.0037505817599594593,0.002101306803524494,0.002101306803524494
281,2.3261401653289795,0.0075790067203342915,0.004517898429185152,0.004517898429185152
282,2.3203213214874268,0.005818773061037064,0.003263685153797269,0.003263685153797269
283,2.3231937885284424,0.004020400810986757,0.0021888893097639084,0.0021888893097639084
284,2.331373453140259,0.008712518028914928,0.005055687855929136,0.005055687855929136
285,2.3365774154663086,0.0052311718463897705,0.002872722689062357,0.002872722689062357
286,2.33585262298584,0.0014841019874438643,0.0009040662553161383,0.0009040662553161383
287,2.3334031105041504,0.0036675261799246073,0.002197548048570752,0.002197548048570752
288,2.333569288253784,0.00453122379258275,0.0018678404157981277,0.0018678404157981277
289,2.335127592086792,0.004343188833445311,0.0019029212417080998,0.0019029212417080998
290,2.3337221145629883,0.001939996494911611,0.0009773215278983116,0.0009773215278983116
291,2.334099531173706,0.0011550652561709285,0.000556189741473645,0.000556189741473645
292,2.333472728729248,0.0019205212593078613,0.0008508614264428616,0.0008508614264428616
293,2.3320086002349854,0.0023017532657831907,0.0010530680883675814,0.0010530680883675814
294,2.332005262374878,0.001372228260152042,0.0006921610911376774,0.0006921610911376774
295,2.3307907581329346,0.0013312685769051313,0.000473476859042421,0.000473476859042421
296,2.3293251991271973,0.0014656460843980312,0.000536458333954215,0.000536458333954215
297,2.326674699783325,0.0030208348762243986,0.0017770900158211589,0.0017770900158211589
298,2.3283557891845703,0.001680806279182434,0.0007458416512235999,0.0007458416512235999
299,2.333547592163086,0.005191922653466463,0.0027991384267807007,0.0027991384267807007
300,2.3381361961364746,0.004588509909808636,0.0024173730053007603,0.0024173730053007603
301,2.3377387523651123,0.0014188278000801802,0.0007617558585479856,0.0007617558585479856
302,2.3361923694610596,0.002012741519138217,0.0013724700547754765,0.0013724700547754765
303,2.3337242603302,0.0027840828988701105,0.001674796687439084,0.001674796687439084
304,2.334099054336548,0.0024230682756751776,0.0010484460508450866,0.0010484460508450866
305,2.3369269371032715,0.004269029013812542,0.0025637110229581594,0.0025637110229581594
306,2.337404489517212,0.0025011575780808926,0.0013351126108318567,0.0013351126108318567
307,2.3317067623138428,0.005697656888514757,0.0030324459075927734,0.0030324459075927734
308,2.3250772953033447,0.006629538722336292,0.003834547009319067,0.003834547009319067
309,2.3214240074157715,0.003653193823993206,0.0019760048016905785,0.0019760048016905785
310,2.3227226734161377,0.0018504244508221745,0.000993057037703693,0.000993057037703693
311,2.328338384628296,0.005629740189760923,0.0032516075298190117,0.0032516075298190117
312,2.333089590072632,0.00475124130025506,0.0023985174484550953,0.0023985174484550953
313,2.333902359008789,0.0025787758640944958,0.0011507953749969602,0.0011507953749969602
314,2.3342154026031494,0.002270790282636881,0.0011237688595429063,0.0011237688595429063
315,2.3351221084594727,0.0018781047547236085,0.0007600053213536739,0.0007600053213536739
316,2.3394720554351807,0.005170843098312616,0.0025560969952493906,0.0025560969952493906
317,2.342751979827881,0.0033923673909157515,0.0019140877993777394,0.0019140877993777394
318,2.341973304748535,0.0008167839259840548,0.000269320938969031,0.000269320938969031
319,2.337669610977173,0.004303994122892618,0.0022426461800932884,0.0022426461800932884
320,2.3307793140411377,0.0068900506012141705,0.003915158100426197,0.003915158100426197
321,2.329402208328247,0.002843047957867384,0.0011088741011917591,0.0011088741011917591
322,2.331125259399414,0.002801276510581374,0.0016482870560139418,0.0016482870560139418
323,2.3334648609161377,0.0028748344630002975,0.001850495464168489,0.001850495464168489
324,2.334108591079712,0.0010351777309551835,0.0004197272937744856,0.0004197272937744856
325,2.3337273597717285,0.0023201489821076393,0.0009833663934841752,0.0009833663934841752
326,2.332958459854126,0.0023730217944830656,0.0010636261431500316,0.0010636261431500316
327,2.3339366912841797,0.0009783303830772638,0.0005396069609560072,0.0005396069609560072
328,2.3338680267333984,0.0004860878107137978,0.0002169327053707093,0.0002169327053707093
329,2.333587646484375,0.0003636050096247345,0.00016100988432299346,0.00016100988432299346
330,2.333401679992676,0.0010992598254233599,0.00047331879613921046,0.00047331879613921046
331,2.3335869312286377,0.0015821898123249412,0.0006961399340070784,0.0006961399340070784
332,2.3345706462860107,0.0009833824587985873,0.0005456514190882444,0.0005456514190882444
333,2.3357088565826416,0.0012520098825916648,0.0008054062491282821,0.0008054062491282821
334,2.33231258392334,0.0033981753513216972,0.0021520601585507393,0.0021520601585507393
335,2.3311526775360107,0.0012287104036659002,0.0007312435191124678,0.0007312435191124678
336,2.331876754760742,0.0007238555117510259,0.00030970032094046474,0.00030970032094046474
337,2.333263635635376,0.0013868296518921852,0.0007449194672517478,0.0007449194672517478
338,2.33590030670166,0.0026366603560745716,0.001513603376224637,0.001513603376224637
339,2.338639259338379,0.0028801297303289175,0.0018936175620183349,0.0018936175620183349
340,2.336972951889038,0.0016661477275192738,0.0009682984091341496,0.0009682984091341496
341,2.3342902660369873,0.0026826870162039995,0.0015372969210147858,0.0015372969210147858
342,2.330645799636841,0.00364427687600255,0.0022696941159665585,0.0022696941159665585
343,2.3272714614868164,0.0033771758899092674,0.0022135325707495213,0.0022135325707495213
344,2.3286001682281494,0.0013289558701217175,0.0008634269470348954,0.0008634269470348954
345,2.334975481033325,0.006375446915626526,0.0038608002942055464,0.0038608002942055464
346,2.3399553298950195,0.004979823715984821,0.0029974437784403563,0.0029974437784403563
347,2.339900255203247,0.0008100664708763361,0.00031951963319443166,0.00031951963319443166
348,2.3368079662323,0.00309199932962656,0.0018228905973955989,0.0018228905973955989
349,2.3329532146453857,0.003854932729154825,0.0024396840017288923,0.0024396840017288923
350,2.3318958282470703,0.0010897207539528608,0.0007993347244337201,0.0007993347244337201
351,2.334212064743042,0.0024382853880524635,0.0013834632700309157,0.0013834632700309157
352,2.3359413146972656,0.0018367707962170243,0.001114296610467136,0.001114296610467136
353,2.3378331661224365,0.001891760854050517,0.0011993683874607086,0.0011993683874607086
354,2.3356685638427734,0.0022185491397976875,0.0012135202996432781,0.0012135202996432781
355,2.333522081375122,0.002233592327684164,0.0012891583610326052,0.0012891583610326052
356,2.333113431930542,0.000725896330550313,0.00037091667763888836,0.00037091667763888836
357,2.3332929611206055,0.0009361410047858953,0.0003505547356326133,0.0003505547356326133
358,2.332980155944824,0.0013871229020878673,0.0007318202406167984,0.0007318202406167984
359,2.3360986709594727,0.0033431267365813255,0.00210214639082551,0.00210214639082551
360,2.337017774581909,0.002029480878263712,0.0010117084020748734,0.0010117084020748734
361,2.335249423980713,0.0017685580532997847,0.0009153754799626768,0.0009153754799626768
362,2.3340697288513184,0.0012008070480078459,0.0005640538292936981,0.0005640538292936981
363,2.3333940505981445,0.0014388347044587135,0.0005920218536630273,0.0005920218536630273
364,2.3291616439819336,0.004232423380017281,0.0025780177675187588,0.0025780177675187588
365,2.3285531997680664,0.0016798025462776423,0.0008098993566818535,0.0008098993566818535
366,2.3317506313323975,0.0031971889548003674,0.001793682691641152,0.001793682691641152
367,2.3336660861968994,0.0019155729096382856,0.0008551700157113373,0.0008551700157113373
368,2.3359174728393555,0.0022513174917548895,0.0012595190200954676,0.0012595190200954676
369,2.3369240760803223,0.001955269603058696,0.0009195592720061541,0.0009195592720061541
370,2.3365163803100586,0.001628148602321744,0.0006405573221854866,0.0006405573221854866
371,2.332913398742676,0.0036029780749231577,0.002119178883731365,0.002119178883731365
372,2.3270633220672607,0.005850349087268114,0.003654766594991088,0.003654766594991088
373,2.327692985534668,0.0007244885200634599,0.0004980481462553144,0.0004980481462553144
374,2.333068370819092,0.0054151578806340694,0.00361329666338861,0.00361329666338861
375,2.336282730102539,0.003270655870437622,0.0020735645666718483,0.0020735645666718483
376,2.3349204063415527,0.001609666389413178,0.0009696574416011572,0.0009696574416011572
377,2.3303580284118652,0.004819133318960667,0.0031565458048135042,0.0031565458048135042
378,2.327150583267212,0.004053882323205471,0.0024528121575713158,0.0024528121575713158
379,2.3302454948425293,0.0034285776782780886,0.0019176937639713287,0.0019176937639713287
380,2.3364739418029785,0.006228497717529535,0.003927761223167181,0.003927761223167181
381,2.3398637771606445,0.003389757825061679,0.0022278991527855396,0.0022278991527855396
382,2.3369107246398926,0.002953066723421216,0.0016329510835930705,0.0016329510835930705
383,2.3308444023132324,0.006189295090734959,0.0036470829509198666,0.0036470829509198666
384,2.3251452445983887,0.0056992750614881516,0.0033643224742263556,0.0033643224742263556
385,2.326369524002075,0.0018977660220116377,0.0012500265147536993,0.0012500265147536993
386,2.3309051990509033,0.005222403910011053,0.003453110111877322,0.003453110111877322
387,2.332115888595581,0.0015594196738675237,0.0010112394811585546,0.0010112394811585546
388,2.3297524452209473,0.002852488774806261,0.0016287700273096561,0.0016287700273096561
389,2.326052188873291,0.003914358094334602,0.0025881752371788025,0.0025881752371788025
390,2.3249616622924805,0.001355672487989068,0.0009560114704072475,0.0009560114704072475
391,2.3294382095336914,0.004476638976484537,0.0025896800216287374,0.0025896800216287374
392,2.334238290786743,0.004800286144018173,0.002773467916995287,0.002773467916995287
393,2.3364968299865723,0.0022584509570151567,0.000999357900582254,0.000999357900582254
394,2.3350231647491455,0.0023805033415555954,0.0015799276297912002,0.0015799276297912002
395,2.3334007263183594,0.0026170527562499046,0.0017571401549503207,0.0017571401549503207
396,2.3352866172790527,0.0018858611583709717,0.0009370611514896154,0.0009370611514896154
397,2.339975595474243,0.005261276848614216,0.0030379104427993298,0.0030379104427993298
398,2.342214584350586,0.0028655456844717264,0.001661208225414157,0.001661208225414157
399,2.3408010005950928,0.0017990422202274203,0.0007055781316012144,0.0007055781316012144
400,2.3361475467681885,0.0046535516157746315,0.0026322274934500456,0.0026322274934500456
401,2.331881046295166,0.00426685344427824,0.002418202580884099,0.002418202580884099
402,2.3310163021087646,0.0011097395326942205,0.0004603918350767344,0.0004603918350767344
403,2.3333475589752197,0.0037194944452494383,0.0018352551851421595,0.0018352551851421595
404,2.336087942123413,0.0038839185144752264,0.001968357479199767,0.001968357479199767
405,2.337528944015503,0.0024395096115767956,0.0010661485139280558,0.0010661485139280558
406,2.3345530033111572,0.003523094579577446,0.002254805061966181,0.002254805061966181
407,2.331735610961914,0.003056915942579508,0.0020959102548658848,0.0020959102548658848
408,2.333479404449463,0.0017437183996662498,0.0007534319302067161,0.0007534319302067161
409,2.3378849029541016,0.004505219403654337,0.00268650078214705,0.00268650078214705
410,2.3421132564544678,0.005289352964609861,0.0029189183842390776,0.0029189183842390776
411,2.340731620788574,0.0025531076826155186,0.0010499452473595738,0.0010499452473595738
412,2.3367743492126465,0.003957290668040514,0.0022901734337210655,0.0022901734337210655
413,2.333127737045288,0.0037276374641805887,0.0020342692732810974,0.0020342692732810974
414,2.332634925842285,0.0025703918654471636,0.0009696835186332464,0.0009696835186332464
415,2.3328287601470947,0.0019048440735787153,0.0009989239042624831,0.0009989239042624831
416,2.3312788009643555,0.001549907959997654,0.0005673678824678063,0.0005673678824678063
417,2.329488754272461,0.00204055430367589,0.001012337626889348,0.001012337626889348
418,2.328810930252075,0.003380922134965658,0.0011608770582824945,0.0011608770582824945
419,2.3298122882843018,0.0015339612727984786,0.0008758159819990396,0.0008758159819990396
420,2.3288888931274414,0.0015989863313734531,0.0008602340240031481,0.0008602340240031481
421,2.328514337539673,0.0031209851149469614,0.0013767197960987687,0.0013767197960987687
422,2.328723430633545,0.0038661586586385965,0.0014487783191725612,0.0014487783191725612
423,2.3309273719787598,0.002430338878184557,0.001140528591349721,0.001140528591349721
424,2.3353936672210693,0.0044661760330200195,0.0027514761313796043,0.0027514761313796043
425,2.3377139568328857,0.0032986043952405453,0.001645833719521761,0.001645833719521761
426,2.3361034393310547,0.002837219275534153,0.0013957571936771274,0.0013957571936771274
427,2.3319361209869385,0.004873586818575859,0.0028142048977315426,0.0028142048977315426
428,2.3313915729522705,0.0008270370890386403,0.0003359421098139137,0.0003359421098139137
429,2.334256172180176,0.003215889912098646,0.001986064715310931,0.001986064715310931
430,2.3362812995910645,0.003357284003868699,0.0017508604796603322,0.0017508604796603322
431,2.3331117630004883,0.003169573610648513,0.0018762197578325868,0.0018762197578325868
432,2.3300797939300537,0.0030319595243781805,0.0017861053347587585,0.0017861053347587585
433,2.3289973735809326,0.001456026453524828,0.0009977922309190035,0.0009977922309190035
434,2.3319849967956543,0.0029876010958105326,0.0015883727464824915,0.0015883727464824915
435,2.3357532024383545,0.0037684906274080276,0.0020918550435453653,0.0020918550435453653
436,2.338528633117676,0.0027754271868616343,0.0016024066135287285,0.0016024066135287285
437,2.338454008102417,0.0005222213221713901,0.00023926570429466665,0.00023926570429466665
438,2.3362948894500732,0.003113923128694296,0.0015597583260387182,0.0015597583260387182
439,2.3332130908966064,0.0037182902451604605,0.002046992303803563,0.002046992303803563
440,2.3336451053619385,0.001161180785857141,0.0005096824606880546,0.0005096824606880546
441,2.3360424041748047,0.002500358736142516,0.001624142867513001,0.001624142867513001
442,2.3373889923095703,0.0033302176743745804,0.0013305922038853168,0.0013305922038853168
443,2.335996150970459,0.0029223905876278877,0.0014475296484306455,0.0014475296484306455
444,2.3342599868774414,0.0025534057058393955,0.0014953106874600053,0.0014953106874600053
445,2.3353631496429443,0.0011030185269191861,0.00069895462365821,0.00069895462365821
446,2.3376519680023193,0.002325761364772916,0.0016082273796200752,0.0016082273796200752
447,2.3373184204101562,0.000979095697402954,0.0004716130206361413,0.0004716130206361413
448,2.334132432937622,0.0031859935261309147,0.0018989411182701588,0.0018989411182701588
449,2.332232713699341,0.0027766453567892313,0.00121434370521456,0.00121434370521456
450,2.33235502243042,0.002949441783130169,0.0012393433135002851,0.0012393433135002851
451,2.334710121154785,0.003687541466206312,0.0019377239514142275,0.0019377239514142275
452,2.3357934951782227,0.0023625397589057684,0.001042848569341004,0.001042848569341004
453,2.3346145153045654,0.0012018525740131736,0.000794985971879214,0.000794985971879214
454,2.3332505226135254,0.001507098670117557,0.0008847672725096345,0.0008847672725096345
455,2.332796096801758,0.0011773478472605348,0.0005750710261054337,0.0005750710261054337
456,2.333059310913086,0.0029976987279951572,0.0012634285958483815,0.0012634285958483815
457,2.332346200942993,0.003841410856693983,0.0015818994725123048,0.0015818994725123048
458,2.330911159515381,0.0028619361110031605,0.0012719854712486267,0.0012719854712486267
459,2.3290090560913086,0.0019129931461066008,0.0011865249834954739,0.0011865249834954739
460,2.3295581340789795,0.0014258921146392822,0.0005743579240515828,0.0005743579240515828
461,2.33255672454834,0.003099784953519702,0.0019087621476501226,0.0019087621476501226
462,2.333745241165161,0.0012221181532368064,0.0007470446871593595,0.0007470446871593595
463,2.331308364868164,0.002706315601244569,0.0016785344341769814,0.0016785344341769814
464,2.329664945602417,0.0032220138236880302,0.0017480121459811926,0.0017480121459811926
465,2.330181360244751,0.002062657382339239,0.0009232544689439237,0.0009232544689439237
466,2.335392951965332,0.005211619660258293,0.0031103973742574453,0.0031103973742574453
467,2.339177131652832,0.003828345565125346,0.0024921863805502653,0.0024921863805502653
468,2.3369219303131104,0.0033028710167855024,0.0017025929410010576,0.0017025929410010576
469,2.3326845169067383,0.004690805450081825,0.0027530514635145664,0.0027530514635145664
470,2.3317861557006836,0.0023248111829161644,0.0010498741175979376,0.0010498741175979376
471,2.3350422382354736,0.0032560955733060837,0.001990212593227625,0.001990212593227625
472,2.3386287689208984,0.004168976563960314,0.002407801104709506,0.002407801104709506
473,2.338742733001709,0.0009920322336256504,0.0002906282607000321,0.0002906282607000321
474,2.333832025527954,0.004910498857498169,0.0028474994469434023,0.0028474994469434023
475,2.3304691314697266,0.0033628500532358885,0.0018160147592425346,0.0018160147592425346
476,2.329697608947754,0.0010815489804372191,0.00040896731661632657,0.00040896731661632657
477,2.331878185272217,0.002714028349146247,0.0015269489958882332,0.0015269489958882332
478,2.333868980407715,0.003940211609005928,0.001652545528486371,0.001652545528486371
479,2.3351571559906006,0.0014388645067811012,0.0004876023158431053,0.0004876023158431053
480,2.3360424041748047,0.0017262124456465244,0.0007150406599976122,0.0007150406599976122
481,2.3365137577056885,0.0033031702041625977,0.0013339478755369782,0.0013339478755369782
482,2.336937427520752,0.0055912877433001995,0.0021505672484636307,0.0021505672484636307
483,2.3369576930999756,0.0028690779581665993,0.0011908098822459579,0.0011908098822459579
484,2.334726095199585,0.002231673104688525,0.0008905690629035234,0.0008905690629035234
485,2.3314716815948486,0.0032543493434786797,0.0014915536157786846,0.0014915536157786846
486,2.328221321105957,0.004186209291219711,0.00192796322517097,0.00192796322517097
487,2.3278121948242188,0.0018398344982415438,0.000724246958270669,0.000724246958270669
488,2.3280954360961914,0.0008725225925445557,0.0003536943986546248,0.0003536943986546248
489,2.329813003540039,0.0019485425436869264,0.0009041311568580568,0.0009041311568580568
490,2.331051826477051,0.0019050657283514738,0.0006831357022747397,0.0006831357022747397
491,2.3321924209594727,0.0020755529403686523,0.0008270019316114485,0.0008270019316114485
492,2.334944725036621,0.0027519904542714357,0.0011362970108166337,0.0011362970108166337
493,2.3388428688049316,0.003898044815286994,0.0019840148743242025,0.0019840148743242025
494,2.3416433334350586,0.00304257869720459,0.0016363804461434484,0.0016363804461434484
495,2.3401570320129395,0.002300131367519498,0.001117261010222137,0.001117261010222137
496,2.3372628688812256,0.0029516590293496847,0.0014091740595176816,0.0014091740595176816
497,2.33522367477417,0.002430317457765341,0.0009162297355942428,0.0009162297355942428
498,2.3321726322174072,0.003493111114948988,0.0016945633105933666,0.0016945633105933666
499,2.331530809402466,0.0016975307371467352,0.0006791081978008151,0.0006791081978008151
500,2.333998680114746,0.0024860596749931574,0.001571004861034453,0.001571004861034453
501,2.336326837539673,0.0023280871100723743,0.001268296386115253,0.001268296386115253
502,2.337143659591675,0.002122368896380067,0.0007736472762189806,0.0007736472762189806
503,2.3352861404418945,0.0039236294105648994,0.00205622473731637,0.00205622473731637
504,2.333174228668213,0.0038802302442491055,0.0020443438552320004,0.0020443438552320004
505,2.335537910461426,0.0023636615369468927,0.0012734115589410067,0.0012734115589410067
506,2.339690685272217,0.004494750406593084,0.0026197817642241716,0.0026197817642241716
507,2.3422446250915527,0.003931461367756128,0.0021570101380348206,0.0021570101380348206
508,2.3391976356506348,0.0031819557771086693,0.0014971473719924688,0.0014971473719924688
509,2.332777500152588,0.0064202058129012585,0.003479910781607032,0.003479910781607032
510,2.3275394439697266,0.005238000303506851,0.002877224702388048,0.002877224702388048
511,2.327660083770752,0.001495125237852335,0.0008377786143682897,0.0008377786143682897
512,2.33187198638916,0.00422043539583683,0.0028535404708236456,0.0028535404708236456
513,2.3328511714935303,0.0029895745683461428,0.00127897085621953,0.00127897085621953
514,2.330076217651367,0.0035234701354056597,0.0021386814769357443,0.0021386814769357443
515,2.328019618988037,0.002993265399709344,0.0018563050543889403,0.0018563050543889403
516,2.3296051025390625,0.002478596055880189,0.0008868781733326614,0.0008868781733326614
517,2.3348212242126465,0.005216178949922323,0.0031115415040403605,0.0031115415040403605
518,2.337564468383789,0.004668114241212606,0.00228243344463408,0.00228243344463408
519,2.3358075618743896,0.004718192853033543,0.0019265973241999745,0.0019265973241999745
520,2.332289218902588,0.004022139124572277,0.00231401389464736,0.00231401389464736
521,2.3307580947875977,0.0017305291257798672,0.0011509940959513187,0.0011509940959513187
522,2.3325862884521484,0.0018281317315995693,0.0008823036914691329,0.0008823036914691329
523,2.3377370834350586,0.005150878336280584,0.0030914631206542253,0.0030914631206542253
524,2.34033203125,0.0036827647127211094,0.0018475048709660769,0.0018475048709660769
525,2.3367414474487305,0.004603100940585136,0.0026584758888930082,0.0026584758888930082
526,2.3319404125213623,0.005438457243144512,0.003404896007850766,0.003404896007850766
527,2.333320379257202,0.0015170067781582475,0.0009993781568482518,0.0009993781568482518
528,2.338545322418213,0.005339666735380888,0.0035369964316487312,0.0035369964316487312
529,2.3402457237243652,0.0027352964971214533,0.0015612655552104115,0.0015612655552104115
530,2.334888458251953,0.005357160698622465,0.0031289157923310995,0.0031289157923310995
531,2.3286736011505127,0.0063253408297896385,0.004021036438643932,0.004021036438643932
532,2.3300440311431885,0.00137021963018924,0.000824107090011239,0.000824107090011239
533,2.335038423538208,0.004994615446776152,0.003053527558222413,0.003053527558222413
534,2.338360071182251,0.003321518888697028,0.0019349732901901007,0.0019349732901901007
535,2.3373937606811523,0.0011138772824779153,0.0006421373109333217,0.0006421373109333217
536,2.3342103958129883,0.0031932424753904343,0.0019694201182574034,0.0019694201182574034
537,2.3332767486572266,0.0009454751270823181,0.00039998709689825773,0.00039998709689825773
538,2.3338654041290283,0.001295578433200717,0.000818759435787797,0.000818759435787797
539,2.3343281745910645,0.0020893991459161043,0.001016006339341402,0.001016006339341402
540,2.3329312801361084,0.0025184834375977516,0.0009362476994283497,0.0009362476994283497
541,2.3301494121551514,0.00278216484002769,0.0015612670686095953,0.0015612670686095953
542,2.327881097793579,0.0023609602358192205,0.0014080279506742954,0.0014080279506742954
543,2.3297982215881348,0.00200846791267395,0.0011372134322300553,0.0011372134322300553
544,2.332385301589966,0.002654469106346369,0.001349608413875103,0.001349608413875103
545,2.3344216346740723,0.0020615626126527786,0.0009465329349040985,0.0009465329349040985
546,2.3360183238983154,0.0019394136033952236,0.0008821000228635967,0.0008821000228635967
547,2.335452079772949,0.002068806905299425,0.0008872500620782375,0.0008872500620782375
548,2.3340067863464355,0.001445240923203528,0.0008680692408233881,0.0008680692408233881
549,2.333479404449463,0.0011400103103369474,0.0005343996454030275,0.0005343996454030275
550,2.3343796730041504,0.0014384102541953325,0.0006132076377980411,0.0006132076377980411
551,2.3366713523864746,0.002447733888402581,0.0013345100451260805,0.0013345100451260805
552,2.3380959033966064,0.0020464742556214333,0.0009082911419682205,0.0009082911419682205
553,2.3372693061828613,0.0010591900208964944,0.0007146921707317233,0.0007146921707317233
554,2.334857225418091,0.003787100315093994,0.002061642473563552,0.002061642473563552
555,2.335381269454956,0.002720507327467203,0.00101387535687536,0.00101387535687536
556,2.3383872509002686,0.0030063462909311056,0.0017833933234214783,0.0017833933234214783
557,2.3414182662963867,0.00357600930146873,0.0022046067751944065,0.0022046067751944065
558,2.3396761417388916,0.0029656493570655584,0.0011745818192139268,0.0011745818192139268
559,2.3352067470550537,0.004605778492987156,0.0024774051271378994,0.0024774051271378994
560,2.331721544265747,0.003485242137685418,0.0016846972284838557,0.0016846972284838557
561,2.3293333053588867,0.002388246124610305,0.0011261178879067302,0.0011261178879067302
562,2.3309905529022217,0.0031483364291489124,0.0015445100143551826,0.0015445100143551826
563,2.3329126834869385,0.00358193158172071,0.0014839953510090709,0.0014839953510090709
564,2.334563732147217,0.004060822539031506,0.0015767015283927321,0.0015767015283927321
565,2.3342807292938232,0.001745440997183323,0.0008178033749572933,0.0008178033749572933
566,2.3327291011810303,0.00265239248983562,0.0014642872847616673,0.0014642872847616673
567,2.333732843399048,0.003143326146528125,0.0012188289547339082,0.0012188289547339082
568,2.3374404907226562,0.003707859432324767,0.002055085962638259,0.002055085962638259
569,2.3405470848083496,0.0031518531031906605,0.0018343363190069795,0.0018343363190069795
570,2.339341163635254,0.0016278410330414772,0.0008399601210840046,0.0008399601210840046
571,2.3362982273101807,0.0030428958125412464,0.00156640843488276,0.00156640843488276
572,2.3335704803466797,0.002727687358856201,0.001201651873998344,0.001201651873998344
573,2.332118511199951,0.0016177237266674638,0.0005038848030380905,0.0005038848030380905
574,2.3305888175964355,0.0015295457560569048,0.0006012634257785976,0.0006012634257785976
575,2.3300981521606445,0.0014734065625816584,0.0005564428283832967,0.0005564428283832967
576,2.3307888507843018,0.0007427215459756553,0.00029125678702257574,0.00029125678702257574
577,2.332423210144043,0.0016341161681339145,0.0007788647199049592,0.0007788647199049592
578,2.3337128162384033,0.0014916348736733198,0.0004982457030564547,0.0004982457030564547
579,2.335512399673462,0.0017994689987972379,0.0008251819526776671,0.0008251819526776671
580,2.33681058883667,0.0012982666958123446,0.0006102833431214094,0.0006102833431214094
581,2.3374109268188477,0.0013330066576600075,0.0005975324893370271,0.0005975324893370271
582,2.335740566253662,0.002310361946001649,0.0011883004335686564,0.0011883004335686564
583,2.3353288173675537,0.0009453940438106656,0.00036262423964217305,0.00036262423964217305
584,2.3357229232788086,0.001413040212355554,0.000795845000538975,0.000795845000538975
585,2.3346738815307617,0.00187130575068295,0.0007725544855929911,0.0007725544855929911
586,2.3327033519744873,0.0019704126752913,0.001152841025032103,0.001152841025032103
587,2.332402229309082,0.0009620356722734869,0.00034499471075832844,0.00034499471075832844
588,2.3338868618011475,0.0023655176628381014,0.0011712615378201008,0.0011712615378201008
589,2.334667444229126,0.0009588038665242493,0.0004575848870445043,0.0004575848870445043
590,2.33488392829895,0.0025263309944421053,0.0009852448711171746,0.0009852448711171746
591,2.3344147205352783,0.001440464286133647,0.0008573919767513871,0.0008573919767513871
592,2.3355188369750977,0.0024169397074729204,0.0009343416313640773,0.0009343416313640773
593,2.3381359577178955,0.0026295483112335205,0.001478534541092813,0.001478534541092813
594,2.338890314102173,0.0008441031095571816,0.000373805349227041,0.000373805349227041
595,2.3370187282562256,0.0019140350632369518,0.0012184428051114082,0.0012184428051114082
596,2.3353981971740723,0.0016251802444458008,0.0010642190463840961,0.0010642190463840961
597,2.336181640625,0.0009317064541392028,0.0005041470285505056,0.0005041470285505056
598,2.338334083557129,0.002538462867960334,0.0014726669760420918,0.0014726669760420918
599,2.3392021656036377,0.0008679985767230392,0.0005369986756704748,0.0005369986756704748
600,2.338458299636841,0.0010358416475355625,0.0003807317407336086,0.0003807317407336086
601,2.333726406097412,0.0047316704876720905,0.002639670856297016,0.002639670856297016
602,2.329861879348755,0.003867699997499585,0.002239064546301961,0.002239064546301961
603,2.332216501235962,0.002469973638653755,0.0016636442160233855,0.0016636442160233855
604,2.336400270462036,0.00452289916574955,0.002921280451118946,0.002921280451118946
605,2.3358874320983887,0.0008047199225984514,0.00030619409517385066,0.00030619409517385066
606,2.3296446800231934,0.006242926232516766,0.0039039594121277332,0.0039039594121277332
607,2.326796770095825,0.0031152088195085526,0.0020087286829948425,0.0020087286829948425
608,2.3299810886383057,0.003184146247804165,0.001846349099650979,0.001846349099650979
609,2.3364338874816895,0.006452859845012426,0.00395250367000699,0.00395250367000699
610,2.338230848312378,0.0026057434733957052,0.0013383207842707634,0.0013383207842707634
611,2.334029197692871,0.004201616160571575,0.0025229856837540865,0.0025229856837540865
612,2.328899621963501,0.005129707045853138,0.003129636636003852,0.003129636636003852
613,2.328976631164551,0.001088073244318366,0.0004091322480235249,0.0004091322480235249
614,2.3340296745300293,0.0050530205480754375,0.003142417874187231,0.003142417874187231
615,2.3370893001556396,0.00305946241132915,0.001565361861139536,0.001565361861139536
616,2.3367903232574463,0.001810562564060092,0.0008773353765718639,0.0008773353765718639
617,2.3353986740112305,0.001961680594831705,0.001164102810434997,0.001164102810434997
618,2.3344945907592773,0.0014122986467555165,0.0009365563746541739,0.0009365563746541739
619,2.3364837169647217,0.0024320590309798717,0.001158715458586812,0.001158715458586812
620,2.3398587703704834,0.00395988579839468,0.0021132472902536392,0.0021132472902536392
621,2.340913772583008,0.0014940655091777444,0.0006137573509477079,0.0006137573509477079
622,2.338884115219116,0.00275186775252223,0.0016578070353716612,0.0016578070353716612
623,2.3382749557495117,0.001946463598869741,0.0008400002843700349,0.0008400002843700349
624,2.339510440826416,0.004096175543963909,0.0017370235873386264,0.0017370235873386264
625,2.3404364585876465,0.00372827285900712,0.0017728533130139112,0.0017728533130139112
626,2.3368613719940186,0.003575465641915798,0.0017298589227721095,0.0017298589227721095
627,2.3324577808380127,0.004403599537909031,0.0021078349091112614,0.0021078349091112614
628,2.329735517501831,0.0027222048956900835,0.0012088975636288524,0.0012088975636288524
629,2.3286256790161133,0.0023761880584061146,0.0008645323687233031,0.0008645323687233031
630,2.329454183578491,0.0026497244834899902,0.0011822389205917716,0.0011822389205917716
631,2.331434726715088,0.001980423927307129,0.0012244501849636436,0.0012244501849636436
632,2.331559181213379,0.002074844902381301,0.0007733928505331278,0.0007733928505331278
633,2.3294544219970703,0.003619126044213772,0.0021266264375299215,0.0021266264375299215
634,2.3314402103424072,0.0019856393337249756,0.0007659277180209756,0.0007659277180209756
635,2.3371126651763916,0.0056726704351603985,0.0031158882193267345,0.0031158882193267345
636,2.340667486190796,0.0035546005237847567,0.0020292894914746284,0.0020292894914746284
637,2.338758945465088,0.002297499217092991,0.00130926922429353,0.00130926922429353
638,2.3351035118103027,0.0036553693935275078,0.0021811709739267826,0.0021811709739267826
639,2.33463716506958,0.0014966953312978148,0.0005753192235715687,0.0005753192235715687
640,2.3369295597076416,0.00271987565793097,0.0017429506406188011,0.0017429506406188011
641,2.3377509117126465,0.002052046125754714,0.0011264897184446454,0.0011264897184446454
642,2.334613800048828,0.003136879298835993,0.0017600797582417727,0.0017600797582417727
643,2.3304004669189453,0.004213470034301281,0.0027156013529747725,0.0027156013529747725
644,2.3312158584594727,0.0008715903968550265,0.0003478314320091158,0.0003478314320091158
645,2.336003065109253,0.0049536870792508125,0.0026659094728529453,0.0026659094728529453
646,2.339698076248169,0.003695180406793952,0.001923311036080122,0.001923311036080122
647,2.339653968811035,0.001036152825690806,0.0005379605572670698,0.0005379605572670698
648,2.3380250930786133,0.0020314420107752085,0.0012478330172598362,0.0012478330172598362
649,2.3375613689422607,0.0016359507571905851,0.000584830529987812,0.000584830529987812
650,2.3388407230377197,0.0027502751909196377,0.0015787185402587056,0.0015787185402587056
651,2.3376824855804443,0.0012338459491729736,0.00037196901394054294,0.00037196901394054294
652,2.3340227603912354,0.003659813432022929,0.0019806765485554934,0.0019806765485554934
653,2.331679582595825,0.0027683579828590155,0.0013067370746284723,0.0013067370746284723
654,2.3316168785095215,0.0016114390455186367,0.0006040441221557558,0.0006040441221557558
655,2.3336472511291504,0.0020302594639360905,0.001006354228593409,0.001006354228593409
656,2.3354971408843994,0.002055943012237549,0.0007652933127246797,0.0007652933127246797
657,2.3385846614837646,0.00308779114857316,0.0013823556946590543,0.0013823556946590543
658,2.341005325317383,0.002420616103336215,0.0010371087118983269,0.0010371087118983269
659,2.342128276824951,0.0011227631475776434,0.00039860207471065223,0.00039860207471065223
660,2.341296672821045,0.0009382140706293285,0.0005595766706392169,0.0005595766706392169
661,2.3393795490264893,0.0019718206021934748,0.0011025593848899007,0.0011025593848899007
662,2.339568853378296,0.0013195812935009599,0.0007693408406339586,0.0007693408406339586
663,2.339366912841797,0.0016469573602080345,0.0008475413778796792,0.0008475413778796792
664,2.3364064693450928,0.002960805781185627,0.0014359104679897428,0.0014359104679897428
665,2.3318428993225098,0.004563542548567057,0.0027467578183859587,0.0027467578183859587
666,2.332582473754883,0.002939703408628702,0.001255152514204383,0.001255152514204383
667,2.336162805557251,0.003926614299416542,0.0024779443629086018,0.0024779443629086018
668,2.3368093967437744,0.001559609198011458,0.0007567916181869805,0.0007567916181869805
669,2.332890510559082,0.003918726462870836,0.0022993297316133976,0.0022993297316133976
670,2.329721450805664,0.0037506662774831057,0.0018951591337099671,0.0018951591337099671
671,2.3289144039154053,0.0030441367998719215,0.0012001192662864923,0.0012001192662864923
672,2.333097219467163,0.004281207453459501,0.0025060067418962717,0.0025060067418962717
673,2.3362913131713867,0.003193942364305258,0.0018925924086943269,0.0018925924086943269
674,2.335578680038452,0.002320016734302044,0.0010568718425929546,0.0010568718425929546
675,2.3323943614959717,0.005114744883030653,0.002742581767961383,0.002742581767961383
676,2.333146095275879,0.002640658523887396,0.00100901594851166,0.00100901594851166
677,2.335991144180298,0.00284483190625906,0.0018510064110159874,0.0018510064110159874
678,2.3359806537628174,0.0002980530261993408,0.00013975818001199514,0.00013975818001199514
679,2.3340110778808594,0.0027550053782761097,0.001536529860459268,0.001536529860459268
680,2.3344883918762207,0.0019966019317507744,0.0008036235230974853,0.0008036235230974853
681,2.3367626667022705,0.00469136843457818,0.0023952859919518232,0.0023952859919518232
682,2.335538387298584,0.001224015955813229,0.0005834329640492797,0.0005834329640492797
683,2.332340955734253,0.0031977654434740543,0.0019572055898606777,0.0019572055898606777
684,2.3313448429107666,0.002965182065963745,0.0013953839661553502,0.0013953839661553502
685,2.3340368270874023,0.0034231161698698997,0.0015877779806032777,0.0015877779806032777
686,2.3378543853759766,0.0038174998480826616,0.00203687627799809,0.00203687627799809
687,2.3401732444763184,0.002318828133866191,0.0011970086488872766,0.0011970086488872766
688,2.339271306991577,0.0013396835420280695,0.0007911321008577943,0.0007911321008577943
689,2.3367867469787598,0.002499966649338603,0.001657369313761592,0.001657369313761592
690,2.3366594314575195,0.0005002570105716586,0.0002712383575271815,0.0002712383575271815
691,2.339200496673584,0.002580000087618828,0.0017076852964237332,0.0017076852964237332
692,2.3406152725219727,0.002087806351482868,0.001384506351314485,0.001384506351314485
693,2.337149143218994,0.0034659779630601406,0.001951955840922892,0.001951955840922892
694,2.3322997093200684,0.0048493375070393085,0.0029829307459294796,0.0029829307459294796
695,2.3318421840667725,0.0010513258166611195,0.0004619406536221504,0.0004619406536221504
696,2.337465286254883,0.005623361095786095,0.0034325048327445984,0.0034325048327445984
697,2.34171724319458,0.0042516933754086494,0.0025514361914247274,0.0025514361914247274
698,2.340073347091675,0.002276076003909111,0.0011306614615023136,0.0011306614615023136
699,2.334630012512207,0.005443309433758259,0.0032450095750391483,0.0032450095750391483
700,2.3313491344451904,0.0032810724806040525,0.0018612747080624104,0.0018612747080624104
701,2.334696054458618,0.003725077025592327,0.00251751602627337,0.00251751602627337
702,2.3371458053588867,0.0026766944210976362,0.0017392790177837014,0.0017392790177837014
703,2.3348827362060547,0.0023292112164199352,0.0014433452161028981,0.0014433452161028981
704,2.331760883331299,0.003246166743338108,0.002093126066029072,0.002093126066029072
705,2.3325138092041016,0.0018973791738972068,0.0007726199110038579,0.0007726199110038579
706,2.3352723121643066,0.003351224586367607,0.0015816215891391039,0.0015816215891391039
707,2.33872652053833,0.003610557410866022,0.001927655772306025,0.001927655772306025
708,2.3388254642486572,0.0006833708030171692,0.00030736011103726923,0.00030736011103726923
709,2.336334228515625,0.0037019681185483932,0.001968963071703911,0.001968963071703911
710,2.3361825942993164,0.003837588941678405,0.0014514257200062275,0.0014514257200062275
711,2.338737726211548,0.003498585196211934,0.0020209113135933876,0.0020209113135933876
712,2.3389878273010254,0.002044535940513015,0.0009352206252515316,0.0009352206252515316
713,2.3361542224884033,0.002833350794389844,0.0014818928902968764,0.0014818928902968764
714,2.3318634033203125,0.005109952762722969,0.0029197828844189644,0.0029197828844189644
715,2.3331825733184814,0.003307688282802701,0.0012821981217712164,0.0012821981217712164
716,2.3372466564178467,0.004064197652041912,0.0021704677492380142,0.0021704677492380142
717,2.3392136096954346,0.0019736087415367365,0.0006298450171016157,0.0006298450171016157
718,2.340139389038086,0.0028698802925646305,0.0010611064499244094,0.0010611064499244094
719,2.342146396636963,0.00386521453037858,0.001926878932863474,0.001926878932863474
720,2.3413031101226807,0.0013128971913829446,0.000502972980029881,0.000502972980029881
721,2.3361806869506836,0.005122429225593805,0.002675318391993642,0.002675318391993642
722,2.331998586654663,0.0041822767816483974,0.0020277986768633127,0.0020277986768633127
723,2.3311171531677246,0.0018229400739073753,0.0007459093467332423,0.0007459093467332423
724,2.331711530685425,0.0021480584982782602,0.0009904339676722884,0.0009904339676722884
725,2.3325467109680176,0.0021306322887539864,0.0008223403710871935,0.0008223403710871935
726,2.331965923309326,0.0015086365165188909,0.000925704836845398,0.000925704836845398
727,2.333552122116089,0.0019804167095571756,0.0007892632274888456,0.0007892632274888456
728,2.336271047592163,0.002719244919717312,0.0014723457861691713,0.0014723457861691713
729,2.3379459381103516,0.0016746354522183537,0.0009161019115708768,0.0009161019115708768
730,2.33642840385437,0.0025864792987704277,0.0014017565408721566,0.0014017565408721566
731,2.335714340209961,0.0030823778361082077,0.001301629119552672,0.001301629119552672
732,2.336729049682617,0.003451443975791335,0.0014988428447395563,0.0014988428447395563
733,2.337784767150879,0.0011157072149217129,0.0005393102183006704,0.0005393102183006704
734,2.339146614074707,0.0014952837955206633,0.0008532420615665615,0.0008532420615665615
735,2.3387176990509033,0.001699690823443234,0.0006806420278735459,0.0006806420278735459
736,2.335503578186035,0.0035161077976226807,0.0021401061676442623,0.0021401061676442623
737,2.3366880416870117,0.0012389946496114135,0.0008073446806520224,0.0008073446806520224
738,2.339280605316162,0.0026196420658379793,0.0016647905576974154,0.0016647905576974154
739,2.3392248153686523,0.0007345509366132319,0.0003507437068037689,0.0003507437068037689
740,2.336111545562744,0.0032373834401369095,0.0020065621938556433,0.0020065621938556433
741,2.335076093673706,0.0010662508429959416,0.0006654610624536872,0.0006654610624536872
742,2.3377387523651123,0.002662637270987034,0.0016883695498108864,0.0016883695498108864
743,2.3390562534332275,0.0016664850991219282,0.0008463122067041695,0.0008463122067041695
744,2.337507724761963,0.0015635490417480469,0.001004369230940938,0.001004369230940938
745,2.335972547531128,0.0015348971355706453,0.000909199588932097,0.000909199588932097
746,2.3362784385681152,0.0008654355769976974,0.00044121145037934184,0.00044121145037934184
747,2.336991786956787,0.0018854689551517367,0.0009321102406829596,0.0009321102406829596
748,2.3366637229919434,0.0012205707607790828,0.00047849907423369586,0.00047849907423369586
749,2.3345038890838623,0.0021601140033453703,0.0012932749232277274,0.0012932749232277274
750,2.333646297454834,0.0015590620459988713,0.0006085260538384318,0.0006085260538384318
751,2.33500337600708,0.001541676465421915,0.0008815093897283077,0.0008815093897283077
752,2.3348920345306396,0.0009941613534465432,0.0005068016471341252,0.0005068016471341252
753,2.3363845348358154,0.002712343819439411,0.0012086261995136738,0.0012086261995136738
754,2.336721420288086,0.004096329212188721,0.0015063568716868758,0.0015063568716868758
755,2.3357462882995605,0.002882180269807577,0.0012519019655883312,0.0012519019655883312
756,2.3348934650421143,0.0017129016341641545,0.0008753451984375715,0.0008753451984375715
757,2.3368799686431885,0.0036887824535369873,0.0017389788990840316,0.0017389788990840316
758,2.338458776473999,0.003106446238234639,0.0014891976024955511,0.0014891976024955511
759,2.3381314277648926,0.001574475783854723,0.0006847955519333482,0.0006847955519333482
760,2.3342537879943848,0.0038776672445237637,0.0024827327579259872,0.0024827327579259872
761,2.334185838699341,0.001334290485829115,0.0005508160684257746,0.0005508160684257746
762,2.33888578414917,0.004699816927313805,0.0028266373556107283,0.0028266373556107283
763,2.3416199684143066,0.0030207110103219748,0.0017399172065779567,0.0017399172065779567
764,2.337888717651367,0.00373723148368299,0.002554490463808179,0.002554490463808179
765,2.336049795150757,0.0019625769928097725,0.0013383913319557905,0.0013383913319557905
766,2.3393869400024414,0.0033373283222317696,0.002059230115264654,0.002059230115264654
767,2.342453718185425,0.0038528370205312967,0.002254268154501915,0.002254268154501915
768,2.3397841453552246,0.002669478766620159,0.0014748018002137542,0.0014748018002137542
769,2.33461856842041,0.005165389738976955,0.0029369709081947803,0.0029369709081947803
770,2.3332698345184326,0.0015890634385868907,0.00054143340094015,0.00054143340094015
771,2.3349485397338867,0.0031965195666998625,0.001637282781302929,0.001637282781302929
772,2.3359146118164062,0.0009719085646793246,0.0005784111563116312,0.0005784111563116312
773,2.3349993228912354,0.0027730404399335384,0.0013354860711842775,0.0013354860711842775
774,2.3347854614257812,0.0025388170033693314,0.0010737415868788958,0.0010737415868788958
775,2.3364901542663574,0.003312027547508478,0.0014133971417322755,0.0014133971417322755
776,2.3373007774353027,0.0015087354695424438,0.0005997614935040474,0.0005997614935040474
777,2.3372836112976074,0.0014965618029236794,0.0006030933000147343,0.0006030933000147343
778,2.3348309993743896,0.0033448266331106424,0.0017052319599315524,0.0017052319599315524
779,2.335113525390625,0.0028646576683968306,0.0012301437091082335,0.0012301437091082335
780,2.3360509872436523,0.002205069176852703,0.0010122001403942704,0.0010122001403942704
781,2.33693790435791,0.0009480261942371726,0.0005439796368591487,0.0005439796368591487
782,2.3365488052368164,0.002272675046697259,0.0009092070395126939,0.0009092070395126939
783,2.3369903564453125,0.001828846987336874,0.0006233345484361053,0.0006233345484361053
784,2.336099624633789,0.0010394060518592596,0.0007178577943705022,0.0007178577943705022
785,2.337402105331421,0.00222030165605247,0.001047287485562265,0.001047287485562265
786,2.3384172916412354,0.002172913635149598,0.0008854414336383343,0.0008854414336383343
787,2.3391802310943604,0.000966557243373245,0.0004523250972852111,0.0004523250972852111
788,2.3390884399414062,0.0008256089640781283,0.00033066573087126017,0.00033066573087126017
789,2.3376479148864746,0.0017897236393764615,0.0008856532513163984,0.0008856532513163984
790,2.3368802070617676,0.0011008834699168801,0.000413204514188692,0.000413204514188692
791,2.335965156555176,0.0013462710194289684,0.0005746512324549258,0.0005746512324549258
792,2.3352670669555664,0.0012420595157891512,0.0005079057300463319,0.0005079057300463319
793,2.334465742111206,0.0011128116166219115,0.0005786555702798069,0.0005786555702798069
794,2.334383010864258,0.0010330486111342907,0.00045382798998616636,0.00045382798998616636
795,2.3357861042022705,0.0014033997431397438,0.000590067938901484,0.000590067938901484
796,2.3385210037231445,0.002734716050326824,0.0013407750520855188,0.0013407750520855188
797,2.340056896209717,0.0015359377721324563,0.0006829576450400054,0.0006829576450400054
798,2.3401589393615723,0.00042095183744095266,0.00018851886852644384,0.00018851886852644384
799,2.339277505874634,0.0009574341820552945,0.0005850144079886377,0.0005850144079886377
800,2.3382883071899414,0.0010489546693861485,0.0005992806982249022,0.0005992806982249022
801,2.3389229774475098,0.001616625813767314,0.0009504214394837618,0.0009504214394837618
802,2.338101387023926,0.0010773539543151855,0.0003897157730534673,0.0003897157730534673
803,2.3352174758911133,0.00289457431063056,0.0016004553763195872,0.0016004553763195872
804,2.334074020385742,0.0011434591142460704,0.0005619020666927099,0.0005619020666927099
805,2.3353829383850098,0.0016790353693068027,0.0010664036963135004,0.0010664036963135004
806,2.336216449737549,0.0012222396908327937,0.0007601723191328347,0.0007601723191328347
807,2.333258867263794,0.0029683387838304043,0.001935048378072679,0.001935048378072679
808,2.3330674171447754,0.001644835458137095,0.0006865866598673165,0.0006865866598673165
809,2.335678815841675,0.0026113223284482956,0.0014268291415646672,0.0014268291415646672
810,2.3377509117126465,0.0020721303299069405,0.0011471578618511558,0.0011471578618511558
811,2.3375437259674072,0.0008711016271263361,0.00034787654294632375,0.00034787654294632375
812,2.33579158782959,0.002311711199581623,0.0011672506807371974,0.0011672506807371974
813,2.3356854915618896,0.000770260114222765,0.0003590764827094972,0.0003590764827094972
814,2.33518648147583,0.0007779228617437184,0.0003741064574569464,0.0003741064574569464
815,2.3348398208618164,0.0012260543880984187,0.0006502914475277066,0.0006502914475277066
816,2.3362176418304443,0.0013777411077171564,0.0005733601283282042,0.0005733601283282042
817,2.3384885787963867,0.002270978642627597,0.0009636932518333197,0.0009636932518333197
818,2.3409667015075684,0.0024780165404081345,0.0012527219951152802,0.0012527219951152802
819,2.341545343399048,0.0005790913128294051,0.0002919762337114662,0.0002919762337114662
820,2.3389391899108887,0.0026063777040690184,0.0016272590728476644,0.0016272590728476644
821,2.33870267868042,0.0005762588698416948,0.0002597574202809483,0.0002597574202809483
822,2.339289665222168,0.002397366799414158,0.001066212309524417,0.001066212309524417
823,2.3402657508850098,0.002292245626449585,0.0012705926783382893,0.0012705926783382893
824,2.3376846313476562,0.0025812601670622826,0.0013371732784435153,0.0013371732784435153
825,2.3349220752716064,0.0027627169620245695,0.0013951328583061695,0.0013951328583061695
826,2.333834409713745,0.0011624241014942527,0.0005107460310682654,0.0005107460310682654
827,2.333909034729004,0.0008265245123766363,0.00039232615381479263,0.00039232615381479263
828,2.336754560470581,0.0028455257415771484,0.0015136894071474671,0.0015136894071474671
829,2.33939266204834,0.002638038480654359,0.0013626113068312407,0.0013626113068312407
830,2.3392350673675537,0.0007344853947870433,0.0003431275545153767,0.0003431275545153767
831,2.3375580310821533,0.0016770875081419945,0.0010423102648928761,0.0010423102648928761
832,2.336751937866211,0.0012165189255028963,0.0005925666191615164,0.0005925666191615164
833,2.3384222984313965,0.003882870776578784,0.0019291016506031156,0.0019291016506031156
834,2.3370521068573,0.0024194372817873955,0.0009401454590260983,0.0009401454590260983
835,2.3346221446990967,0.0024297309573739767,0.0013668016763404012,0.0013668016763404012
836,2.335385322570801,0.0011382377706468105,0.0006784923607483506,0.0006784923607483506
837,2.3352980613708496,0.002673839218914509,0.0011847310233861208,0.0011847310233861208
838,2.337420701980591,0.0030137086287140846,0.0011761341011151671,0.0011761341011151671
839,2.3410685062408447,0.003647604025900364,0.0019788953941315413,0.0019788953941315413
840,2.3420281410217285,0.0018585503567010164,0.0007735982653684914,0.0007735982653684914
841,2.3390114307403564,0.0033214676659554243,0.0019271558849141002,0.0019271558849141002
842,2.3371164798736572,0.0018949854420498013,0.0010680643608793616,0.0010680643608793616
843,2.338346481323242,0.0032356572337448597,0.0014261078322306275,0.0014261078322306275
844,2.339648485183716,0.0043411958031356335,0.0018670876743271947,0.0018670876743271947
845,2.3377768993377686,0.002650701906532049,0.0010883401846513152,0.0010883401846513152
846,2.334719181060791,0.0030575513374060392,0.0015936018899083138,0.0015936018899083138
847,2.332646369934082,0.00535311596468091,0.002221436472609639,0.002221436472609639
848,2.334735631942749,0.006664271466434002,0.0027122111059725285,0.0027122111059725285
849,2.3391900062561035,0.0070729185827076435,0.0032869905699044466,0.0032869905699044466
850,2.3413283824920654,0.0021388554014265537,0.0011329276021569967,0.0011329276021569967
851,2.339040517807007,0.0067065563052892685,0.0028519860934466124,0.0028519860934466124
852,2.3362877368927,0.007770678028464317,0.003317049704492092,0.003317049704492092
853,2.3373568058013916,0.0043919323943555355,0.0016997280763462186,0.0016997280763462186
854,2.3407793045043945,0.0042890263721346855,0.002508893609046936,0.002508893609046936
855,2.339846134185791,0.004822528455406427,0.0017331998096778989,0.0017331998096778989
856,2.333942174911499,0.007899690419435501,0.004327996168285608,0.004327996168285608
857,2.3366880416870117,0.002889949129894376,0.0015860333805903792,0.0015860333805903792
858,2.343871831893921,0.007789229042828083,0.004642757587134838,0.004642757587134838
859,2.342495918273926,0.0047614481300115585,0.0019805924966931343,0.0019805924966931343
860,2.3349719047546387,0.008131551556289196,0.004907997790724039,0.004907997790724039
861,2.3336191177368164,0.002394248265773058,0.0011957846581935883,0.0011957846581935883
862,2.3412137031555176,0.007594612892717123,0.0048822397366166115,0.0048822397366166115
863,2.3439831733703613,0.003364857519045472,0.0020248093642294407,0.0020248093642294407
864,2.336895704269409,0.007305680308490992,0.004337012302130461,0.004337012302130461
865,2.3322336673736572,0.004953259602189064,0.0029021173249930143,0.0029021173249930143
866,2.336434841156006,0.004201414994895458,0.0027135037817060947,0.0027135037817060947
867,2.341005325317383,0.004945567809045315,0.0029842399526387453,0.0029842399526387453
868,2.3391311168670654,0.0019281577551737428,0.0012227923143655062,0.0012227923143655062
869,2.33501935005188,0.004180516116321087,0.0026604458689689636,0.0026604458689689636
870,2.335371971130371,0.003284139558672905,0.001228259177878499,0.001228259177878499
871,2.340683698654175,0.006014845333993435,0.0035659775603562593,0.0035659775603562593
872,2.3407678604125977,0.0002667367516551167,0.00014502339763566852,0.00014502339763566852
873,2.3354156017303467,0.005766339134424925,0.003337451023980975,0.003337451023980975
874,2.333162784576416,0.004430912900716066,0.0019035553559660912,0.0019035553559660912
875,2.3381338119506836,0.004980690311640501,0.003250077133998275,0.003250077133998275
876,2.340700387954712,0.003998235333710909,0.0021167872473597527,0.0021167872473597527
877,2.3359580039978027,0.0051641748286783695,0.002989576430991292,0.002989576430991292
878,2.331333875656128,0.004645705223083496,0.002881779335439205,0.002881779335439205
879,2.3343400955200195,0.0030091190710663795,0.0019232905469834805,0.0019232905469834805
880,2.3386809825897217,0.0043409536592662334,0.002680150792002678,0.002680150792002678
881,2.3374838829040527,0.0032770538236945868,0.001545773702673614,0.001545773702673614
882,2.3345768451690674,0.00434293644502759,0.0025835863780230284,0.0025835863780230284
883,2.338970899581909,0.004394283518195152,0.0025003505870699883,0.0025003505870699883
884,2.343750238418579,0.0047792778350412846,0.0027011134661734104,0.0027011134661734104
885,2.3428995609283447,0.0032775509171187878,0.0013621107209473848,0.0013621107209473848
886,2.3388497829437256,0.004199476446956396,0.002392729977145791,0.002392729977145791
887,2.338029384613037,0.0008238255977630615,0.00025018368614837527,0.00025018368614837527
888,2.3393921852111816,0.0022629976738244295,0.0012900646543130279,0.0012900646543130279
889,2.3401763439178467,0.003550709458068013,0.0015798324020579457,0.0015798324020579457
890,2.337454080581665,0.00500167952850461,0.002080247038975358,0.002080247038975358
891,2.334460973739624,0.0036100554279983044,0.002014709636569023,0.002014709636569023
892,2.3361618518829346,0.002192937070503831,0.0010270981583744287,0.0010270981583744287
893,2.3405840396881104,0.005291227251291275,0.002816024934872985,0.002816024934872985
894,2.3401012420654297,0.00384598970413208,0.0016171068418771029,0.0016171068418771029
895,2.337838649749756,0.004113418981432915,0.002109876135364175,0.002109876135364175
896,2.3383142948150635,0.001024850644171238,0.0004300314176362008,0.0004300314176362008
897,2.340988874435425,0.003396263113245368,0.002022571163251996,0.002022571163251996
898,2.3404417037963867,0.005757170729339123,0.0021748438011854887,0.0021748438011854887
899,2.3354573249816895,0.006095162592828274,0.002854322548955679,0.002854322548955679
900,2.3312811851501465,0.004176304209977388,0.0022816797718405724,0.0022816797718405724
901,2.3330721855163574,0.004424750804901123,0.0019170930609107018,0.0019170930609107018
902,2.336501121520996,0.006244512740522623,0.002639911836013198,0.002639911836013198
903,2.3367645740509033,0.004526101518422365,0.0018362269038334489,0.0018362269038334489
904,2.337289333343506,0.0020036124624311924,0.0009526632493361831,0.0009526632493361831
905,2.3415229320526123,0.004515585955232382,0.002367032691836357,0.002367032691836357
906,2.343909502029419,0.005992621183395386,0.0024397429078817368,0.0024397429078817368
907,2.343130350112915,0.0033668302930891514,0.0013194360071793199,0.0013194360071793199
908,2.3404648303985596,0.0027187394443899393,0.0015188326360657811,0.0015188326360657811
909,2.3399648666381836,0.0029020977672189474,0.0011059476528316736,0.0011059476528316736
910,2.340719223022461,0.005513638257980347,0.0022392275277525187,0.0022392275277525187
911,2.3391001224517822,0.004300815053284168,0.0017113536596298218,0.0017113536596298218
912,2.3354408740997314,0.00365907303057611,0.0021362616680562496,0.0021362616680562496
913,2.336021661758423,0.0036033426877111197,0.0014196300180628896,0.0014196300180628896
914,2.3390262126922607,0.00461633550003171,0.002313606906682253,0.002313606906682253
915,2.3400216102600098,0.002913894597440958,0.0011956756934523582,0.0011956756934523582
916,2.3372392654418945,0.002849866170436144,0.0017931131878867745,0.0017931131878867745
917,2.336111068725586,0.0027039586566388607,0.0011684432392939925,0.0011684432392939925
918,2.337570905685425,0.003233592491596937,0.0012909132055938244,0.0012909132055938244
919,2.3394548892974854,0.002419481286779046,0.0010827205842360854,0.0010827205842360854
920,2.3404951095581055,0.0010402846382930875,0.0005026441067457199,0.0005026441067457199
921,2.339829444885254,0.0016882705967873335,0.0006200133939273655,0.0006200133939273655
922,2.3371121883392334,0.0035382069181650877,0.001667712931521237,0.001667712931521237
923,2.336596727371216,0.001910734223201871,0.0007739802240394056,0.0007739802240394056
924,2.3362417221069336,0.0005039668176323175,0.0001735888363327831,0.0001735888363327831
925,2.33607816696167,0.00037934182910248637,0.00018841176643036306,0.00018841176643036306
926,2.3364710807800293,0.0006668030982837081,0.000271766068181023,0.000271766068181023
927,2.3372631072998047,0.0007923484081402421,0.0003649702703114599,0.0003649702703114599
928,2.337733507156372,0.0008456206414848566,0.0003382906725164503,0.0003382906725164503
929,2.339071035385132,0.0013376462738960981,0.0006231465958990157,0.0006231465958990157
930,2.3403007984161377,0.0012298428919166327,0.0006210606661625206,0.0006210606661625206
931,2.3396573066711426,0.0011950540356338024,0.0006594285950995982,0.0006594285950995982
932,2.3395164012908936,0.0005757880280725658,0.00026659315335564315,0.00026659315335564315
933,2.339597225189209,0.0015219402266666293,0.0007678941474296153,0.0007678941474296153
934,2.3370046615600586,0.0025925517547875643,0.001296614296734333,0.001296614296734333
935,2.3336644172668457,0.003340307390317321,0.0020207210909575224,0.0020207210909575224
936,2.335427761077881,0.0021610271651297808,0.001085858792066574,0.001085858792066574
937,2.3403244018554688,0.00493374839425087,0.002970406087115407,0.002970406087115407
938,2.3399312496185303,0.0026064026169478893,0.0010312958620488644,0.0010312958620488644
939,2.3374054431915283,0.0027126383502036333,0.0016770691145211458,0.0016770691145211458
940,2.3374550342559814,0.0032556522637605667,0.001242783386260271,0.001242783386260271
941,2.339719772338867,0.00385985616594553,0.0017945575527846813,0.0017945575527846813
942,2.3400461673736572,0.0016662084963172674,0.0006288506556302309,0.0006288506556302309
943,2.338167667388916,0.002224502619355917,0.001342788920737803,0.001342788920737803
944,2.3382749557495117,0.0027516901027411222,0.0010326675837859511,0.0010326675837859511
945,2.3406081199645996,0.0036002027336508036,0.001823677564971149,0.001823677564971149
946,2.341146469116211,0.0009028923232108355,0.0005822726525366306,0.0005822726525366306
947,2.3383684158325195,0.00293631199747324,0.001519605633802712,0.001519605633802712
948,2.3349249362945557,0.0036151993554085493,0.0020408155396580696,0.0020408155396580696
949,2.3360085487365723,0.0014981722924858332,0.0008307943353429437,0.0008307943353429437
950,2.337871789932251,0.0018634462030604482,0.0008729132823646069,0.0008729132823646069
951,2.34005069732666,0.0021788692101836205,0.0010640249820426106,0.0010640249820426106
952,2.340120315551758,0.0018182765925303102,0.0008081026608124375,0.0008081026608124375
953,2.3409616947174072,0.0025885021314024925,0.001019577495753765,0.001019577495753765
954,2.341639757156372,0.0012238239869475365,0.0006950798560865223,0.0006950798560865223
955,2.3405983448028564,0.0012421703431755304,0.000411163637181744,0.000411163637181744
956,2.3365468978881836,0.004051773343235254,0.0021287156268954277,0.0021287156268954277
957,2.3340816497802734,0.0024887763429433107,0.001358690089546144,0.001358690089546144
958,2.336419105529785,0.002441117772832513,0.001646629418246448,0.001646629418246448
959,2.3375961780548096,0.0011771642602980137,0.0006229892605915666,0.0006229892605915666
960,2.336099147796631,0.0032797253224998713,0.0016835300484672189,0.0016835300484672189
961,2.3375067710876465,0.0014415085315704346,0.000589465897064656,0.000589465897064656
962,2.341127395629883,0.004019442945718765,0.002258278662338853,0.002258278662338853
963,2.3410348892211914,0.002612712327390909,0.000984935206361115,0.000984935206361115
964,2.3365070819854736,0.004527781158685684,0.002855203114449978,0.002855203114449978
965,2.3364005088806152,0.0011648404179140925,0.0004929940914735198,0.0004929940914735198
966,2.3418381214141846,0.0054377042688429356,0.0032996356021612883,0.0032996356021612883
967,2.3430800437927246,0.0012421071296557784,0.000678695214446634,0.000678695214446634
968,2.3398244380950928,0.003308421466499567,0.0019973258022218943,0.0019973258022218943
969,2.337125539779663,0.0028208838775753975,0.0016010223189368844,0.0016010223189368844
970,2.339144468307495,0.002065901644527912,0.001463566324673593,0.001463566324673593
971,2.3406009674072266,0.0014648603973910213,0.0010250736959278584,0.0010250736959278584
972,2.337954044342041,0.00273793819360435,0.0016417595325037837,0.0016417595325037837
973,2.335601568222046,0.003402631264179945,0.0018054202664643526,0.0018054202664643526
974,2.3392999172210693,0.003937519621104002,0.002341357059776783,0.002341357059776783
975,2.3419277667999268,0.002703574951738119,0.0016902174102142453,0.0016902174102142453
976,2.338035821914673,0.004272064194083214,0.0025142200756818056,0.0025142200756818056
977,2.335477590560913,0.0029398167971521616,0.0014801076613366604,0.0014801076613366604
978,2.3367178440093994,0.0018082010792568326,0.0012092344695702195,0.0012092344695702195
979,2.3370180130004883,0.0018424427835270762,0.0007096297922544181,0.0007096297922544181
980,2.336209774017334,0.0020157648250460625,0.0009326402796432376,0.0009326402796432376
981,2.3370521068573,0.0008522927528247237,0.0003309285966679454,0.0003309285966679454
982,2.3390555381774902,0.002003470668569207,0.00107350863981992,0.00107350863981992
983,2.339810371398926,0.0025716316886246204,0.0009543186170049012,0.0009543186170049012
984,2.339115619659424,0.0034675109200179577,0.0015251493314281106,0.0015251493314281106
985,2.3402392864227295,0.0021558201406151056,0.0008274574647657573,0.0008274574647657573
986,2.341651201248169,0.0020055973436683416,0.0011536533711478114,0.0011536533711478114
987,2.3406822681427,0.0029590760823339224,0.001146854949183762,0.001146854949183762
988,2.3385536670684814,0.00414026016369462,0.0016108548734337091,0.0016108548734337091
989,2.336186170578003,0.003425979521125555,0.0015862208092585206,0.0015862208092585206
990,2.33754825592041,0.0013620603131130338,0.0006510703824460506,0.0006510703824460506
991,2.341409921646118,0.005131901707500219,0.00241189356893301,0.00241189356893301
992,2.3419435024261475,0.0044165062718093395,0.0016737368423491716,0.0016737368423491716
993,2.341717004776001,0.0025760126300156116,0.0010436760494485497,0.0010436760494485497
994,2.342376470565796,0.0009846079628914595,0.0006062734755687416,0.0006062734755687416
995,2.3418962955474854,0.0031405258923768997,0.0012098256265744567,0.0012098256265744567
996,2.339254379272461,0.0042314003221690655,0.0018399442778900266,0.0018399442778900266
997,2.3380773067474365,0.002329733455553651,0.000909892376512289,0.000909892376512289
998,2.339556932449341,0.0018317151116207242,0.0011861949460580945,0.0011861949460580945
999,2.338827133178711,0.0010220777476206422,0.00042131205555051565,0.00042131205555051565
